email,password
trisna@polban.ac.id,1234567890
dosen1@polban.ac.id,1234567890
dosen2@polban.ac.id,1234567890
dosen3@polban.ac.id,1234567890
dosen4@polban.ac.id,1234567890
dosen5@polban.ac.id,1234567890
dosen6@polban.ac.id,1234567890
dosen7@polban.ac.id,1234567890
dosen8@polban.ac.id,1234567890
dosen9@polban.ac.id,1234567890
dosen10@polban.ac.id,1234567890
dosen11@polban.ac.id,1234567890
dosen12@polban.ac.id,1234567890
dosen13@polban.ac.id,1234567890
dosen14@polban.ac.id,1234567890
dosen15@polban.ac.id,1234567890
dosen16@polban.ac.id,1234567890
dosen17@polban.ac.id,1234567890
dosen18@polban.ac.id,1234567890
dosen19@polban.ac.id,1234567890
dosen20@polban.ac.id,1234567890
dosen21@polban.ac.id,1234567890
dosen22@polban.ac.id,1234567890
dosen23@polban.ac.id,1234567890
dosen24@polban.ac.id,1234567890
dosen25@polban.ac.id,1234567890
dosen26@polban.ac.id,1234567890
dosen27@polban.ac.id,1234567890
dosen28@polban.ac.id,1234567890
dosen29@polban.ac.id,1234567890
dosen30@polban.ac.id,1234567890
dosen31@polban.ac.id,1234567890
dosen32@polban.ac.id,1234567890
dosen33@polban.ac.id,1234567890
dosen34@polban.ac.id,1234567890
dosen35@polban.ac.id,1234567890
dosen36@polban.ac.id,1234567890
dosen37@polban.ac.id,1234567890
dosen38@polban.ac.id,1234567890
dosen39@polban.ac.id,1234567890
dosen40@polban.ac.id,1234567890
dosen41@polban.ac.id,1234567890
dosen42@polban.ac.id,1234567890
dosen43@polban.ac.id,1234567890
mahasiswa1@polban.ac.id,1234567890
mahasiswa2@polban.ac.id,1234567890
mahasiswa3@polban.ac.id,1234567890
mahasiswa4@polban.ac.id,1234567890
mahasiswa5@polban.ac.id,1234567890
mahasiswa6@polban.ac.id,1234567890
mahasiswa7@polban.ac.id,1234567890
mahasiswa8@polban.ac.id,1234567890
mahasiswa9@polban.ac.id,1234567890
mahasiswa10@polban.ac.id,1234567890
mahasiswa11@polban.ac.id,1234567890
mahasiswa12@polban.ac.id,1234567890
mahasiswa13@polban.ac.id,1234567890
mahasiswa14@polban.ac.id,1234567890
mahasiswa15@polban.ac.id,1234567890
mahasiswa16@polban.ac.id,1234567890
mahasiswa17@polban.ac.id,1234567890
mahasiswa18@polban.ac.id,1234567890
mahasiswa19@polban.ac.id,1234567890
mahasiswa20@polban.ac.id,1234567890
mahasiswa21@polban.ac.id,1234567890
mahasiswa22@polban.ac.id,1234567890
mahasiswa23@polban.ac.id,1234567890
mahasiswa24@polban.ac.id,1234567890
mahasiswa25@polban.ac.id,1234567890
mahasiswa26@polban.ac.id,1234567890
mahasiswa27@polban.ac.id,1234567890
mahasiswa28@polban.ac.id,1234567890
mahasiswa29@polban.ac.id,1234567890
mahasiswa30@polban.ac.id,1234567890
mahasiswa31@polban.ac.id,1234567890
mahasiswa32@polban.ac.id,1234567890
mahasiswa33@polban.ac.id,1234567890
mahasiswa34@polban.ac.id,1234567890
mahasiswa35@polban.ac.id,1234567890
mahasiswa36@polban.ac.id,1234567890
mahasiswa37@polban.ac.id,1234567890
mahasiswa38@polban.ac.id,1234567890
mahasiswa39@polban.ac.id,1234567890
mahasiswa40@polban.ac.id,1234567890
mahasiswa41@polban.ac.id,1234567890
mahasiswa42@polban.ac.id,1234567890
mahasiswa43@polban.ac.id,1234567890
mahasiswa44@polban.ac.id,1234567890
mahasiswa45@polban.ac.id,1234567890
mahasiswa46@polban.ac.id,1234567890
mahasiswa47@polban.ac.id,1234567890
mahasiswa48@polban.ac.id,1234567890
mahasiswa49@polban.ac.id,1234567890
mahasiswa50@polban.ac.id,1234567890
mahasiswa51@polban.ac.id,1234567890
mahasiswa52@polban.ac.id,1234567890
mahasiswa53@polban.ac.id,1234567890
mahasiswa54@polban.ac.id,1234567890
mahasiswa55@polban.ac.id,1234567890
mahasiswa56@polban.ac.id,1234567890
mahasiswa57@polban.ac.id,1234567890
mahasiswa58@polban.ac.id,1234567890
mahasiswa59@polban.ac.id,1234567890
mahasiswa60@polban.ac.id,1234567890
mahasiswa61@polban.ac.id,1234567890
mahasiswa62@polban.ac.id,1234567890
mahasiswa63@polban.ac.id,1234567890
mahasiswa64@polban.ac.id,1234567890
mahasiswa65@polban.ac.id,1234567890
mahasiswa66@polban.ac.id,1234567890
mahasiswa67@polban.ac.id,1234567890
mahasiswa68@polban.ac.id,1234567890
mahasiswa69@polban.ac.id,1234567890
mahasiswa70@polban.ac.id,1234567890
mahasiswa71@polban.ac.id,1234567890
mahasiswa72@polban.ac.id,1234567890
mahasiswa73@polban.ac.id,1234567890
mahasiswa74@polban.ac.id,1234567890
mahasiswa75@polban.ac.id,1234567890
mahasiswa76@polban.ac.id,1234567890
mahasiswa77@polban.ac.id,1234567890
mahasiswa78@polban.ac.id,1234567890
mahasiswa79@polban.ac.id,1234567890
mahasiswa80@polban.ac.id,1234567890
mahasiswa81@polban.ac.id,1234567890
mahasiswa82@polban.ac.id,1234567890
mahasiswa83@polban.ac.id,1234567890
mahasiswa84@polban.ac.id,1234567890
mahasiswa85@polban.ac.id,1234567890
mahasiswa86@polban.ac.id,1234567890
mahasiswa87@polban.ac.id,1234567890
mahasiswa88@polban.ac.id,1234567890
santi.sundari@polban.ac.id,1234567890
lukmannul.hakim@polban.ac.id,1234567890
haya@gmail.com,1234567890
dafni@gmail.com,1234567890
bismillah@gmail.com,1234567890
